Type d'activité,Date,Distance,Calories,Durée,Fréquence cardiaque moyenne,Fréquence cardiaque maximale,Cadence de course moyenne,Cadence de course maximale,Allure moyenne,Meilleure allure,Longueur moyenne des foulées,Temps de contact moyen avec le sol
Course à pied,2023-02-09 17:40:25,11.74,896,60.15,162,197,168,190,5.116666666666666,3.3833333333333333,1.15,256
Course à pied,2023-02-08 15:35:25,7.16,535,38.166666666666664,154,176,168,178,5.333333333333333,4.166666666666667,1.12,259
Course à pied,2023-02-07 17:40:00,7.88,603,41.016666666666666,162,197,166,191,5.2,3.066666666666667,1.14,265
Course à pied,2023-02-06 15:37:55,7.48,563,40.516666666666666,153,170,167,174,5.416666666666667,4.9,1.1,264
Course à pied,2023-02-04 15:32:07,7.01,505,38.516666666666666,145,161,168,172,5.483333333333333,4.933333333333334,1.09,260
Course à pied,2023-01-31 12:03:24,10.0,812,59.03333333333333,157,197,154,202,5.9,2.8833333333333333,1.08,276
Course à pied,2023-01-30 15:43:04,8.23,599,43.833333333333336,149,173,169,180,5.316666666666666,4.383333333333334,1.11,257
Course à pied,2023-01-27 15:11:05,7.13,520,38.61666666666667,147,176,168,175,5.416666666666667,4.166666666666667,1.1,262
Course à pied,2023-01-26 10:53:25,10.58,817,63.95,149,191,154,191,6.05,3.4333333333333336,1.05,275
Course à pied,2023-01-24 15:47:35,7.68,563,48.0,136,153,164,168,6.25,5.516666666666667,0.97,278
Course à pied,2023-01-23 11:02:29,7.5,538,43.56666666666667,138,167,167,193,5.816666666666666,3.283333333333333,1.03,263
Course à pied,2023-01-22 16:08:33,11.46,828,60.13333333333333,153,182,170,185,5.25,4.1,1.12,260
Course à pied,2023-01-20 10:55:51,11.45,886,65.25,154,194,160,190,5.7,3.4,1.07,273
Course à pied,2023-01-19 10:05:40,7.93,582,45.85,137,156,166,171,5.783333333333333,5.25,1.04,269
Course à pied,2023-01-17 11:10:58,11.29,910,67.43333333333334,152,192,159,197,5.966666666666667,2.95,1.03,274
Course à pied,2023-01-16 10:35:28,6.86,511,40.55,138,151,167,173,5.9,5.066666666666666,1.02,267
Course à pied,2023-01-13 09:03:55,12.32,949,71.85,153,197,159,195,5.833333333333333,3.183333333333333,1.06,268
Course à pied,2023-01-12 15:47:50,4.29,332,24.1,149,169,165,184,5.616666666666667,4.8,1.08,267
Course à pied,2023-01-10 10:48:54,10.35,835,64.08333333333333,150,199,156,198,6.2,2.533333333333333,1.02,277
Course à pied,2023-01-09 10:22:16,7.08,524,40.31666666666667,137,154,165,188,5.7,4.9,1.06,262
Course à pied,2023-01-06 10:43:32,11.43,901,66.9,150,194,158,192,5.85,2.95,1.06,277
Course à pied,2023-01-05 10:53:26,7.9,592,44.56666666666667,141,161,165,171,5.65,5.0,1.07,262
Course à pied,2023-01-03 10:47:04,8.47,680,53.833333333333336,145,197,156,201,6.35,2.8166666666666664,1.0,287
Course à pied,2023-01-02 15:29:16,7.48,548,40.416666666666664,140,158,169,174,5.4,4.85,1.1,256
Course à pied,2022-12-26 11:33:38,15.0,1185,83.38333333333334,148,177,168,241,5.55,3.7,1.07,254
Course à pied,2022-12-25 11:46:55,8.24,663,47.56666666666667,148,167,165,199,5.766666666666667,3.716666666666667,1.05,268
Course à pied,2022-12-24 17:44:14,0.32,25,1.75,138,150,153,172,5.433333333333334,4.816666666666666,1.2,0
Course à pied,2022-12-24 11:11:36,1.73,122,9.833333333333334,124,139,165,177,5.683333333333334,4.583333333333333,1.06,274
Course à pied,2022-12-21 10:37:32,1.28,97,7.616666666666667,144,154,165,172,5.933333333333334,5.233333333333333,1.02,0
Course à pied,2022-12-20 10:10:20,15.25,1279,85.23333333333333,149,174,166,201,5.583333333333333,4.016666666666667,1.08,0
Course à pied,2022-12-19 15:28:35,10.44,849,57.81666666666667,158,179,166,187,5.533333333333333,3.6833333333333336,1.09,0
Course à pied,2022-12-17 14:54:39,12.56,941,65.65,152,186,169,182,5.233333333333333,3.9166666666666665,1.13,258
Course à pied,2022-12-16 16:43:21,11.23,843,63.38333333333333,147,187,161,192,5.65,3.1,1.09,274
Course à pied,2022-12-14 16:58:59,6.39,471,37.75,133,154,162,201,5.916666666666667,4.05,1.03,273
Course à pied,2022-12-13 16:38:14,8.82,674,49.516666666666666,151,192,166,192,5.616666666666667,3.1666666666666665,1.08,273
Course à pied,2022-12-12 16:22:55,7.71,514,43.483333333333334,141,157,165,174,5.65,4.816666666666666,1.07,275
Course à pied,2022-12-08 14:30:50,5.2,357,27.583333333333332,144,175,167,180,5.3,3.5833333333333335,1.13,0
Course à pied,2022-12-07 10:25:47,8.0,505,43.78333333333333,137,151,167,178,5.466666666666667,4.983333333333333,1.09,0
Course à pied,2022-12-06 19:00:24,7.65,555,45.016666666666666,143,188,162,190,5.883333333333333,3.183333333333333,1.04,0
Course à pied,2022-12-05 19:04:01,7.83,536,45.016666666666666,139,155,164,180,5.75,4.216666666666667,1.06,0
Course à pied,2022-12-03 15:21:25,13.42,831,69.6,146,180,167,178,5.183333333333334,3.95,1.15,0
Course à pied,2022-12-02 16:03:16,7.24,474,40.43333333333333,141,151,165,174,5.583333333333333,4.833333333333333,1.08,0
Course à pied,2022-12-01 11:35:23,12.39,830,69.03333333333333,150,190,159,194,5.566666666666666,2.6333333333333333,1.11,0
Course à pied,2022-11-29 10:33:08,11.58,758,68.5,141,183,160,200,5.916666666666667,2.8166666666666664,1.04,0
Course à pied,2022-11-28 16:12:22,7.96,533,47.21666666666667,139,151,164,174,5.933333333333334,4.55,1.03,0
Course à pied,2022-11-26 14:40:10,10.3,690,58.78333333333333,145,173,165,178,5.7,4.266666666666667,1.06,0
Course à pied,2022-11-25 09:45:36,11.98,833,68.56666666666666,150,198,160,196,5.733333333333333,3.0833333333333335,1.07,0
Course à pied,2022-11-24 15:17:06,6.83,472,40.55,142,156,162,176,5.933333333333334,5.016666666666667,1.04,0
Course à pied,2022-11-22 10:53:34,10.03,754,60.416666666666664,152,199,158,206,6.033333333333333,2.8166666666666664,1.04,0
Course à pied,2022-11-21 10:52:25,9.58,644,52.36666666666667,146,177,167,186,5.466666666666667,4.2,1.09,0
Course à pied,2022-11-18 16:11:26,11.11,830,59.833333333333336,160,199,165,182,5.383333333333334,3.7333333333333334,1.12,0
Course à pied,2022-11-17 11:21:45,6.09,466,35.35,149,163,163,168,5.816666666666666,4.95,1.05,0
Course à pied,2022-11-16 16:09:50,8.17,619,44.833333333333336,154,196,165,190,5.483333333333333,3.6833333333333336,1.11,0
Course à pied,2022-11-15 15:29:17,8.13,528,43.65,143,163,164,173,5.366666666666666,4.9,1.02,0
Course à pied,2022-11-09 11:18:15,10.0,621,56.93333333333333,138,153,163,176,5.7,4.9,1.08,0
Course à pied,2022-11-08 11:12:02,10.99,713,60.55,147,190,156,206,5.516666666666667,2.25,1.2,0
Course à pied,2022-11-07 11:18:34,13.04,849,71.61666666666666,149,181,164,176,5.5,3.966666666666667,1.11,0
Course à pied,2022-11-05 17:07:54,10.19,667,64.66666666666667,136,147,159,166,6.35,5.166666666666667,0.99,0
Course à pied,2022-11-04 11:46:44,2.18,189,15.85,145,158,157,164,7.266666666666667,5.783333333333333,0.88,0
Course à pied,2022-11-04 11:02:44,10.01,736,42.55,183,196,171,180,4.25,3.283333333333333,1.38,0
Course à pied,2022-11-04 10:35:37,3.8,295,26.016666666666666,138,167,152,188,6.85,3.1333333333333333,0.96,0
Course à pied,2022-11-03 11:18:26,11.21,735,61.85,148,177,163,172,5.516666666666667,4.416666666666667,1.11,0
Course à pied,2022-11-01 08:06:48,11.2,564,62.36666666666667,141,157,161,170,5.566666666666666,4.483333333333333,1.06,0
Course à pied,2022-10-31 09:17:30,11.8,902,70.31666666666666,155,199,157,198,5.966666666666667,2.6166666666666667,1.04,0
Course à pied,2022-10-29 15:16:41,12.07,760,70.4,143,162,161,168,5.833333333333333,4.316666666666666,1.06,0
Course à pied,2022-10-28 11:59:04,13.11,953,70.3,160,194,159,188,5.366666666666666,2.8166666666666664,1.15,0
Course à pied,2022-10-27 08:43:36,10.97,678,62.25,140,155,163,174,5.666666666666667,4.9,1.08,0
Course à pied,2022-10-25 10:48:35,12.33,796,66.4,151,190,163,180,5.383333333333334,3.5166666666666666,1.13,0
Course à pied,2022-10-24 15:27:28,11.53,695,62.88333333333333,143,158,166,174,5.45,4.55,1.1,0
Course à pied,2022-10-21 11:59:17,12.98,969,73.61666666666666,157,191,151,191,5.666666666666667,3.1,1.14,0
Course à pied,2022-10-20 11:06:45,10.86,756,62.266666666666666,145,159,161,168,5.733333333333333,4.3,1.09,0
Course à pied,2022-10-18 12:55:45,1.37,116,10.016666666666667,143,149,155,160,7.333333333333333,6.55,0.88,0
Course à pied,2022-10-18 12:25:50,5.45,433,27.566666666666666,171,198,155,211,5.066666666666666,3.2666666666666666,1.27,0
Course à pied,2022-10-18 11:54:10,4.6,387,28.766666666666666,148,170,145,187,6.25,2.95,1.09,0
Course à pied,2022-10-17 10:49:04,14.56,959,76.36666666666666,150,178,164,175,5.25,4.2,1.16,0
Course à pied,2022-10-15 15:20:22,14.13,913,74.4,148,173,165,176,5.266666666666667,4.0,1.15,0
Course à pied,2022-10-14 10:44:29,12.63,827,73.98333333333333,141,158,160,175,5.85,4.05,1.06,0
Course à pied,2022-10-12 11:53:30,2.34,206,15.533333333333333,149,165,157,166,6.633333333333333,4.316666666666666,0.96,0
Course à pied,2022-10-12 11:23:04,6.44,490,29.7,174,195,165,178,4.616666666666667,3.4,1.31,0
Course à pied,2022-10-12 11:15:49,0.63,85,5.95,151,168,112,187,9.383333333333333,3.1333333333333333,0.95,0
Course à pied,2022-10-12 10:53:20,3.96,309,21.816666666666666,149,168,162,171,5.5,4.483333333333333,1.12,0
Course à pied,2022-10-11 10:43:14,11.13,797,63.7,144,158,162,173,5.716666666666667,4.45,1.08,0
Course à pied,2022-10-10 12:47:28,1.78,146,13.083333333333334,137,141,154,160,7.35,6.516666666666667,0.88,0
Course à pied,2022-10-10 12:23:03,4.91,377,22.3,174,194,167,180,4.533333333333333,3.216666666666667,1.32,0
Course à pied,2022-10-10 11:52:57,4.18,328,25.166666666666668,143,167,156,189,6.016666666666667,4.066666666666666,1.06,0
Course à pied,2022-10-08 15:48:00,13.78,906,74.53333333333333,145,161,162,168,5.4,4.166666666666667,1.14,0
Course à pied,2022-10-07 12:24:20,1.39,119,10.083333333333334,139,166,147,160,7.25,6.133333333333334,0.94,0
Course à pied,2022-10-07 12:00:38,4.93,360,23.3,169,188,146,176,4.733333333333333,3.55,1.44,0
Course à pied,2022-10-07 11:53:26,0.72,91,6.366666666666666,151,164,150,203,8.866666666666667,2.6333333333333333,0.75,0
Course à pied,2022-10-07 11:36:11,2.84,201,14.483333333333333,149,168,162,168,5.1,4.216666666666667,1.21,0
Course à pied,2022-10-05 09:50:48,13.85,1025,75.71666666666667,154,178,163,178,5.466666666666667,4.116666666666666,1.12,0
Course à pied,2022-10-04 09:39:12,10.51,752,61.78333333333333,144,158,160,173,5.883333333333333,4.55,1.06,0
Course à pied,2022-10-03 12:03:21,1.77,177,12.15,161,190,154,159,6.883333333333333,3.9166666666666665,0.94,0
Course à pied,2022-10-03 11:51:41,2.32,190,11.183333333333334,177,196,161,189,4.816666666666666,3.25,1.28,0
Course à pied,2022-10-03 11:38:14,2.32,182,10.833333333333334,175,195,164,186,4.666666666666667,3.25,1.31,0
Course à pied,2022-10-03 11:08:35,4.45,350,27.45,142,174,153,213,6.166666666666667,2.5833333333333335,1.05,0
Course à pied,2022-10-01 17:41:21,13.4,964,75.31666666666666,148,179,161,173,5.616666666666667,4.0,1.1,0
Course à pied,2022-09-30 11:52:16,1.24,122,9.233333333333333,154,185,153,160,7.433333333333334,5.766666666666667,0.88,0
Course à pied,2022-09-30 11:35:06,3.62,269,16.466666666666665,170,188,166,192,4.55,2.85,1.32,0
Course à pied,2022-09-30 11:28:11,1.0,72,4.766666666666667,160,177,166,186,4.783333333333333,3.1166666666666667,1.26,0
Course à pied,2022-09-30 11:06:51,3.69,284,19.05,154,174,164,173,5.166666666666667,3.8666666666666667,1.18,0
Course à pied,2022-09-29 15:40:47,8.9,681,51.63333333333333,149,165,160,170,5.8,4.4,1.08,0
Course à pied,2022-09-27 12:21:13,1.26,117,8.266666666666667,157,172,158,163,6.583333333333333,5.016666666666667,0.96,0
Course à pied,2022-09-27 12:15:07,1.02,64,4.033333333333333,164,193,169,175,3.95,3.8,1.5,0
Course à pied,2022-09-27 12:09:06,1.02,66,3.8833333333333333,178,185,170,175,3.8,3.6333333333333333,1.55,0
Course à pied,2022-09-27 12:03:04,1.02,65,3.9833333333333334,171,175,168,174,3.9,3.65,1.53,0
Course à pied,2022-09-27 11:56:56,1.03,60,3.9333333333333336,158,188,168,175,3.85,3.716666666666667,1.55,0
Course à pied,2022-09-27 11:50:53,1.01,64,4.05,163,187,166,173,4.016666666666667,3.783333333333333,1.49,0
Course à pied,2022-09-27 11:27:39,3.62,289,20.416666666666668,149,172,151,204,5.633333333333333,3.7333333333333334,1.16,0
Course à pied,2022-09-26 14:29:44,9.98,680,52.85,149,177,164,173,5.3,4.0,1.15,0
Course à pied,2022-09-23 14:15:32,18.32,1265,103.3,148,172,161,178,5.633333333333333,3.7333333333333334,1.1,0
Course à pied,2022-09-22 14:51:35,10.14,709,53.55,150,178,162,170,5.283333333333333,4.216666666666667,1.17,0
Course à pied,2022-09-20 10:55:50,2.84,249,17.8,152,172,158,166,6.266666666666667,5.0,1.01,0
Course à pied,2022-09-20 10:50:29,1.12,70,4.483333333333333,166,183,171,178,3.9833333333333334,3.6,1.46,0
Course à pied,2022-09-20 10:43:42,1.09,67,4.55,156,190,167,175,4.2,3.65,1.42,0
Course à pied,2022-09-20 10:37:08,1.12,63,4.516666666666667,149,155,168,176,4.033333333333333,3.6166666666666667,1.48,0
Course à pied,2022-09-20 10:30:22,1.13,68,4.533333333333333,157,164,168,176,4.033333333333333,3.7666666666666666,1.48,0
Course à pied,2022-09-20 10:03:34,4.46,319,25.016666666666666,141,164,157,171,5.6,4.25,1.13,0
Course à pied,2022-09-19 15:17:11,11.31,796,59.35,153,178,162,170,5.25,4.15,1.18,0
Course à pied,2022-09-16 15:23:23,8.64,710,50.416666666666664,156,173,158,173,5.833333333333333,4.9,1.08,0
Course à pied,2022-09-16 14:35:22,8.64,590,47.31666666666667,143,158,158,176,5.483333333333333,3.95,1.15,0
Course à pied,2022-09-15 10:23:45,8.89,669,47.68333333333333,158,193,157,176,5.366666666666666,3.8833333333333333,1.18,0
Course à pied,2022-09-13 16:58:24,10.15,781,55.13333333333333,155,178,157,166,5.433333333333334,4.35,1.17,0
Course à pied,2022-09-12 17:07:29,8.0,586,44.15,148,169,156,166,5.516666666666667,4.816666666666666,1.16,0
Course à pied,2022-09-10 16:00:58,7.82,589,43.833333333333336,155,195,157,175,5.6,3.3333333333333335,1.13,0
Course à pied,2022-09-02 16:07:47,7.96,537,43.13333333333333,146,163,161,168,5.416666666666667,4.85,1.15,0
Course à pied,2022-08-31 09:18:26,4.09,328,23.65,160,190,156,196,5.783333333333333,2.2,1.11,0
Course à pied,2022-08-31 08:48:04,2.71,318,24.866666666666667,146,180,88,216,9.2,2.1333333333333333,1.23,0
Course à pied,2022-08-31 08:13:20,5.11,399,29.5,153,181,156,173,5.783333333333333,4.016666666666667,1.11,0
Course à pied,2022-08-30 19:40:16,3.83,293,22.983333333333334,144,159,156,164,6.0,5.15,1.07,0
Course à pied,2022-08-29 08:12:34,12.22,981,71.36666666666666,156,179,157,178,5.85,4.516666666666667,1.09,0
Course à pied,2022-08-22 19:16:22,4.95,385,24.133333333333333,173,187,161,173,4.883333333333333,3.716666666666667,1.27,0
Course à pied,2022-08-16 16:18:13,3.33,275,18.25,162,179,156,168,5.483333333333333,4.55,1.17,0
Course à pied,2022-08-15 11:36:33,4.97,388,27.4,158,183,157,173,5.516666666666667,3.1666666666666665,1.15,0
Course à pied,2022-08-11 10:15:44,14.59,1298,88.55,166,186,157,170,6.066666666666666,4.633333333333333,1.05,0
Course à pied,2022-08-09 10:30:31,10.15,847,58.21666666666667,161,189,155,172,5.733333333333333,4.783333333333333,1.12,0
Course à pied,2022-08-08 10:41:47,1.0,114,7.15,176,186,156,160,7.133333333333334,6.183333333333334,0.9,0
Course à pied,2022-08-08 09:58:01,8.01,640,40.36666666666667,171,194,159,176,5.033333333333333,3.1666666666666665,1.25,0
Course à pied,2022-08-07 16:25:07,4.41,361,21.666666666666668,178,192,162,177,4.916666666666667,3.95,1.25,0
Course à pied,2022-08-02 09:17:57,6.02,473,30.216666666666665,167,193,159,170,5.016666666666667,3.716666666666667,1.25,0
Course à pied,2022-07-30 12:32:37,9.42,750,49.56666666666667,163,193,159,170,5.266666666666667,4.016666666666667,1.19,0
Course à pied,2022-07-28 10:23:39,11.11,797,62.03333333333333,147,158,156,162,5.583333333333333,4.833333333333333,1.15,0
Course à pied,2022-07-26 10:59:15,1.02,114,7.15,172,182,153,158,7.016666666666667,6.55,0.93,0
Course à pied,2022-07-26 10:16:17,8.85,659,42.016666666666666,165,192,166,175,4.75,3.6333333333333333,1.27,0
Course à pied,2022-07-25 09:58:33,8.29,656,41.78333333333333,167,192,163,199,5.033333333333333,2.25,1.22,0
Course à pied,2022-07-22 19:26:54,0.9,101,6.8,162,192,149,160,7.583333333333333,6.2,0.89,0
Course à pied,2022-07-22 18:48:50,8.25,629,37.15,175,191,171,178,4.5,3.8,1.3,0
Course à pied,2022-07-20 17:15:18,6.2,455,30.683333333333334,157,183,161,170,4.95,4.116666666666666,1.26,0
Course à pied,2022-07-12 07:36:36,4.24,322,21.616666666666667,158,200,148,172,5.1,3.3166666666666664,1.31,0
Course à pied,2022-07-11 08:29:31,9.62,856,48.13333333333333,182,202,156,172,5.0,3.6833333333333336,1.28,0
Course à pied,2022-07-08 08:51:17,6.3,456,40.25,138,155,145,174,6.383333333333334,3.8166666666666664,1.08,0
Course à pied,2022-07-06 17:01:38,5.38,396,25.983333333333334,162,177,160,164,4.833333333333333,3.55,1.29,0
Course à pied,2022-07-01 19:44:33,8.03,596,38.1,169,191,163,175,4.75,3.533333333333333,1.29,0
Course à pied,2022-06-27 19:46:53,1.0,89,6.983333333333333,145,169,158,166,6.966666666666667,5.7,0.91,0
Course à pied,2022-06-27 19:10:02,8.01,589,36.05,171,194,165,173,4.5,4.016666666666667,1.35,0
Course à pied,2022-06-23 08:59:36,9.97,826,60.833333333333336,152,178,141,206,6.1,2.6,1.16,0
Course à pied,2022-06-20 19:19:10,6.69,484,33.18333333333333,157,179,159,170,4.966666666666667,4.016666666666667,1.27,0
Course à pied,2022-06-19 09:36:25,6.66,536,32.8,173,186,159,166,4.916666666666667,4.166666666666667,1.27,0
Course à pied,2022-06-15 19:26:21,4.44,327,21.083333333333332,164,181,159,166,4.75,4.083333333333333,1.32,0
Course à pied,2022-06-13 19:28:25,4.0,274,18.3,158,182,162,168,4.566666666666666,3.6833333333333336,1.35,0
Course à pied,2022-06-10 09:53:58,4.53,499,55.15,138,202,63,175,12.183333333333334,3.3,1.24,0
Course à pied,2022-06-03 09:04:39,21.13,1611,98.75,175,191,163,173,4.666666666666667,4.066666666666666,1.32,0
Course à pied,2022-06-01 09:01:38,4.42,368,26.8,154,199,126,173,6.066666666666666,3.3,1.38,0
Course à pied,2022-05-30 17:04:00,1.4,149,9.1,180,188,157,168,6.483333333333333,5.183333333333334,0.98,0
Course à pied,2022-05-30 16:19:16,10.01,676,43.4,168,191,162,173,4.333333333333333,3.45,1.43,0
Course à pied,2022-05-29 12:42:57,4.5,302,20.7,160,190,162,175,4.6,3.3333333333333335,1.34,0
Course à pied,2022-05-24 13:43:46,4.16,343,24.766666666666666,155,183,138,176,5.95,3.8833333333333333,1.2,0
Course à pied,2022-05-23 14:08:28,1.85,156,11.116666666666667,154,170,158,166,6.0,5.433333333333334,1.05,0
Course à pied,2022-05-23 13:40:08,4.45,340,21.733333333333334,165,191,161,173,4.883333333333333,4.15,1.27,0
Course à pied,2022-05-18 15:56:31,8.01,530,34.88333333333333,164,185,163,170,4.35,4.0,1.4,0
Course à pied,2022-05-18 09:09:28,6.27,582,76.36666666666666,121,158,69,249,12.183333333333334,2.6,1.19,0
Course à pied,2022-05-14 11:16:34,6.99,541,34.36666666666667,170,186,164,172,4.916666666666667,4.183333333333334,1.24,0
Course à pied,2022-05-10 14:37:17,8.99,745,57.25,155,197,115,210,6.366666666666666,3.25,1.34,0
Course à pied,2022-05-09 15:32:00,12.02,845,53.96666666666667,172,193,163,170,4.483333333333333,3.7,1.37,0
Course à pied,2022-05-06 10:17:55,1.95,145,12.95,133,150,150,166,6.65,5.016666666666667,1.0,0
Course à pied,2022-05-05 15:59:47,6.38,638,34.71666666666667,189,202,155,170,5.433333333333334,4.05,1.19,0
Course à pied,2022-05-05 15:39:51,1.43,148,12.233333333333333,140,174,100,170,8.583333333333334,3.9166666666666665,1.16,0
Course à pied,2022-05-03 17:51:59,5.48,425,33.68333333333333,148,179,124,213,6.15,3.033333333333333,1.33,0
Course à pied,2022-05-01 09:16:58,8.48,625,46.166666666666664,153,184,160,166,5.45,4.866666666666667,1.15,0
Course à pied,2022-04-30 16:12:24,1.55,142,9.6,158,179,144,166,6.183333333333334,5.116666666666666,1.11,0
Course à pied,2022-04-25 08:20:51,6.52,698,87.0,126,178,66,249,13.35,3.1333333333333333,1.2,0
Course à pied,2022-04-22 18:02:34,7.84,570,34.666666666666664,174,196,165,172,4.416666666666667,4.0,1.37,0
Course à pied,2022-04-21 15:24:10,8.58,671,41.18333333333333,173,189,161,168,4.8,4.25,1.29,0
Course à pied,2022-04-19 10:53:55,8.92,690,45.733333333333334,162,184,159,173,5.133333333333334,3.4833333333333334,1.23,0
Course à pied,2022-04-13 15:57:24,7.24,597,46.233333333333334,149,182,135,221,6.383333333333334,1.7833333333333332,1.15,0
Course à pied,2022-04-11 16:23:00,8.73,623,39.56666666666667,166,187,162,172,4.533333333333333,4.1,1.3,0
Course à pied,2022-04-09 16:22:07,5.52,382,24.95,164,183,165,173,4.516666666666667,3.9833333333333334,1.35,0
Course à pied,2022-04-08 11:13:53,4.16,387,21.183333333333334,185,197,158,173,5.1,3.9833333333333334,1.24,0
Course à pied,2022-04-06 17:16:49,6.58,510,35.166666666666664,154,175,162,166,5.35,4.833333333333333,1.16,0
Course à pied,2022-04-05 08:30:10,10.39,653,62.3,137,168,127,187,6.0,3.3333333333333335,1.31,0
Course à pied,2022-04-02 16:54:25,3.66,306,32.516666666666666,125,160,81,196,8.866666666666667,2.9166666666666665,1.4,0
Course à pied,2022-04-02 16:01:44,1.92,181,14.4,142,174,112,183,7.483333333333333,3.2333333333333334,1.2,0
Course à pied,2022-04-01 15:35:11,8.15,631,39.31666666666667,170,191,161,170,4.833333333333333,3.95,1.29,0
Course à pied,2022-03-15 15:51:47,7.29,576,38.733333333333334,160,180,156,162,5.316666666666666,3.966666666666667,1.2,0
Course à pied,2022-03-15 09:00:55,4.26,319,23.816666666666666,149,164,139,172,5.6,3.2333333333333334,1.26,0
Course à pied,2022-03-14 08:42:38,5.26,553,80.45,112,152,57,213,15.283333333333333,3.85,1.14,0
Course à pied,2022-03-14 08:28:55,1.04,76,6.116666666666666,138,150,135,166,5.883333333333333,4.733333333333333,1.22,0
Course à pied,2022-03-13 09:13:26,5.48,430,32.61666666666667,147,181,122,189,5.95,3.4166666666666665,1.38,0
Course à pied,2022-03-12 16:39:31,2.36,166,10.9,159,181,167,172,4.616666666666667,4.25,1.3,0
Course à pied,2022-03-09 08:36:43,13.03,1098,85.76666666666667,148,189,121,233,6.583333333333333,3.4166666666666665,1.24,0
Course à pied,2022-03-08 15:54:29,7.25,546,36.583333333333336,158,175,161,170,5.05,4.3,1.23,0
Course à pied,2022-03-07 10:19:37,9.48,750,65.46666666666667,145,176,107,246,6.916666666666667,2.45,1.35,0
Course à pied,2022-03-04 10:24:05,6.79,538,52.46666666666667,135,157,94,203,7.733333333333333,1.8333333333333335,1.4,0
Course à pied,2022-03-02 09:00:49,4.75,318,21.0,161,182,163,187,4.433333333333334,3.1,1.39,0
Course à pied,2022-03-01 14:29:16,8.45,716,48.35,168,193,147,240,5.716666666666667,3.283333333333333,1.19,0
Course à pied,2022-02-26 17:23:18,10.05,691,45.05,164,184,166,176,4.483333333333333,3.8,1.34,0
Course à pied,2022-02-25 13:52:20,2.0,151,10.633333333333333,151,166,137,174,5.3,3.65,1.4,0
Course à pied,2022-02-25 13:47:54,0.3,39,2.8166666666666664,149,154,121,166,9.45,5.516666666666667,0.87,0
Course à pied,2022-02-25 08:33:23,4.2,339,23.533333333333335,160,185,135,173,5.616666666666667,3.283333333333333,1.32,0
Course à pied,2022-02-23 17:10:00,3.48,306,22.366666666666667,153,170,155,162,6.433333333333334,5.633333333333333,1.01,0
Course à pied,2022-02-21 17:43:55,4.13,268,17.7,160,183,164,172,4.283333333333333,3.6833333333333336,1.42,0
Course à pied,2022-02-19 12:31:34,7.83,562,35.46666666666667,168,189,165,175,4.533333333333333,3.716666666666667,1.34,0
Course à pied,2022-02-17 17:24:16,5.61,392,25.483333333333334,164,192,163,172,4.55,4.2,1.35,0
Course à pied,2022-02-14 11:18:42,10.07,739,47.233333333333334,166,194,164,170,4.683333333333334,4.25,1.3,0
Course à pied,2022-02-13 11:39:16,7.9,565,36.68333333333333,167,182,166,172,4.65,4.166666666666667,1.16,0
Course à pied,2022-02-10 17:00:50,4.16,278,19.933333333333334,152,187,161,170,4.783333333333333,3.65,1.3,0
Course à pied,2022-02-08 16:15:20,4.73,350,26.566666666666666,148,170,111,187,5.616666666666667,3.0166666666666666,1.65,0
Course à pied,2022-02-08 15:49:01,2.89,264,22.25,142,169,107,199,7.716666666666667,3.716666666666667,1.19,0
Course à pied,2022-02-04 08:44:35,7.02,481,29.816666666666666,172,187,168,195,4.25,2.9333333333333336,1.4,0
Course à pied,2022-02-03 17:34:58,2.37,172,13.466666666666667,141,154,154,170,5.683333333333334,4.35,1.14,0
Course à pied,2022-02-02 09:28:41,2.32,283,18.883333333333333,164,185,140,187,8.15,4.383333333333334,0.88,0
Course à pied,2022-02-02 08:42:18,4.11,324,24.95,150,182,126,178,6.066666666666666,3.3,1.34,0
Course à pied,2022-02-01 17:48:31,7.04,482,31.766666666666666,165,186,161,174,4.516666666666667,3.4,1.38,0
Course à pied,2022-01-31 17:42:35,7.31,555,35.13333333333333,171,195,161,177,4.816666666666666,3.2666666666666666,1.29,0
Course à pied,2022-01-28 17:10:57,4.35,298,22.266666666666666,149,171,155,249,5.116666666666666,2.85,1.27,0
Course à pied,2022-01-27 18:01:45,6.26,482,31.366666666666667,168,186,155,218,5.016666666666667,3.5166666666666666,1.29,0
Course à pied,2022-01-16 13:02:47,8.07,614,43.18333333333333,155,177,151,183,5.35,3.183333333333333,1.24,0
Course à pied,2022-01-13 11:46:34,9.29,712,49.0,158,179,157,218,5.283333333333333,2.283333333333333,1.21,0
Course à pied,2022-01-12 11:44:04,9.05,677,43.1,167,192,164,174,4.766666666666667,4.383333333333334,1.27,0
Course à pied,2022-01-10 11:37:22,7.84,582,37.61666666666667,163,181,164,172,4.8,4.133333333333334,1.27,0
Course à pied,2022-01-07 11:51:57,8.94,668,44.06666666666667,162,185,163,170,4.933333333333334,4.383333333333334,1.25,0
Course à pied,2022-01-06 12:07:18,7.48,577,38.583333333333336,160,188,155,206,5.15,2.4333333333333336,1.25,0
Course à pied,2022-01-04 11:22:24,7.84,612,38.833333333333336,169,191,162,172,4.95,4.116666666666666,1.25,0
Course à pied,2022-01-03 11:10:24,6.76,533,33.71666666666667,169,190,162,168,4.983333333333333,4.383333333333334,1.24,0
Course à pied,2021-12-31 12:06:53,5.66,451,27.45,173,192,161,168,4.85,4.516666666666667,1.25,0
Course à pied,2021-12-25 11:14:36,4.51,296,20.85,150,164,164,172,4.616666666666667,4.066666666666666,1.27,0
Course à pied,2021-12-23 13:07:45,4.51,316,20.95,159,188,160,168,4.65,4.2,1.3,0
Course à pied,2021-12-21 11:19:08,6.72,497,33.06666666666667,160,181,161,177,4.916666666666667,4.233333333333333,1.26,0
Course à pied,2021-12-20 13:16:31,4.3,315,20.966666666666665,159,176,164,199,4.866666666666667,4.133333333333334,1.25,0
Course à pied,2021-12-16 11:10:00,4.51,337,23.466666666666665,154,176,157,168,5.2,4.683333333333334,1.22,0
Course à pied,2021-12-01 11:26:02,7.84,652,38.53333333333333,175,195,161,170,4.916666666666667,4.4,1.27,0
Course à pied,2021-11-30 16:52:00,5.65,478,28.016666666666666,175,193,158,164,4.966666666666667,4.45,1.28,0
Course à pied,2021-11-19 10:19:36,7.86,612,37.583333333333336,167,186,161,170,4.783333333333333,4.15,1.3,0
Course à pied,2021-11-18 10:43:39,8.97,758,46.81666666666667,171,196,154,187,5.216666666666667,3.4,1.24,0
